<?xml version="1.0" encoding="UTF-8"?>
<!DOCTYPE hibernate-mapping PUBLIC "-//Hibernate/Hibernate Mapping DTD 3.0//EN" "http://hibernate.sourceforge.net/hibernate-mapping-3.0.dtd">
<hibernate-mapping>
    <class name="com.educacionit.hibernate.Person" table='public."PERSON"'>
        <id name="id" type="int">
            <column name='"ID"'/>
            <generator class="sequence">
                <param name="sequence">public."SQ_PERSON"</param>
            </generator>
        </id>
        <property name="name" type="java.lang.String">
            <column name='"NAME"'/>
        </property>
        <property name="country" type="java.lang.String">
            <column name='"COUNTRY"'/>
        </property>
    </class>
</hibernate-mapping>